ProductID,ProductName,Stock,Supplier
1,Performance,426,Garcia Inc
2,Project,81,"Farmer, Roberts and Mullins"
3,Several,308,"Taylor, Miranda and Smith"
4,Successful,446,Smith-Crawford
5,Continue,401,"Valdez, Choi and Collins"
6,Training,73,Irwin-Proctor
7,Build,142,Ford Group
8,Past,437,Pham PLC
9,Week,361,Brown PLC
10,Later,249,Diaz Ltd
11,Require,480,Chavez LLC
12,Customer,457,"Smith, Armstrong and Ellis"
13,Continue,499,Murray-Hayes
14,Man,273,"Smith, Armstrong and Ellis"
15,Forward,177,Bray-Russell
16,Family,68,Brown-Cunningham
17,Relationship,227,Martinez and Sons
18,Rich,146,Ford Group
19,Financial,150,"Taylor, Miranda and Smith"
20,Along,245,Brown-Cunningham
21,Into,157,"Farmer, Roberts and Mullins"
22,Reveal,410,Vargas Group
23,Game,292,Diaz Ltd
24,Never,444,Brown PLC
25,Fund,181,Brown-Cunningham
26,Blood,422,Pham PLC
27,Realize,480,"Smith, Armstrong and Ellis"
28,Month,340,Brown PLC
29,Send,498,"Klein, Vega and Hendrix"
30,Wait,328,Irwin-Proctor
31,Carry,72,Conner LLC
32,Per,96,Bray-Russell
33,According,183,"Zuniga, Holland and Trujillo"
34,Policy,61,"Zuniga, Holland and Trujillo"
35,Career,60,Murray-Hayes
36,Successful,108,"Klein, Vega and Hendrix"
37,Positive,458,"Smith, Armstrong and Ellis"
38,Tree,367,Irwin-Proctor
39,Least,445,"Zuniga, Holland and Trujillo"
40,Personal,296,Brown-Brown
41,Smile,202,"Zuniga, Holland and Trujillo"
42,Something,404,Chavez LLC
43,Risk,319,Murray-Hayes
44,Among,415,Conner LLC
45,Voice,116,Garcia Inc
46,Culture,458,Garcia Inc
47,Way,463,Garcia Inc
48,Together,135,Smith-Crawford
49,Find,91,"Brown, Cunningham and Santos"
50,About,185,Diaz Ltd
51,Talk,312,Murray-Hayes
52,Admit,498,"Farmer, Roberts and Mullins"
53,Democrat,450,"Smith, Coffey and Wright"
54,Drive,283,"Mitchell, Gomez and Allen"
55,Need,121,"Brown, Cunningham and Santos"
56,Meet,443,"Valdez, Choi and Collins"
57,Possible,208,Smith-Crawford
58,Do,380,Vargas Group
59,Shoulder,325,"Smith, Armstrong and Ellis"
60,Law,346,Smith-Crawford
61,Stand,51,Mendez-Warren
62,Of,309,Chavez LLC
63,Purpose,357,Pham PLC
64,Another,263,"Wood, Page and Williams"
65,Article,125,Mendez-Warren
66,Animal,74,Chavez LLC
67,Economic,183,Mendez-Warren
68,Character,162,Garcia Inc
69,Four,427,Diaz Ltd
70,Amount,261,"Wood, Page and Williams"
71,Participant,406,Ford Group
72,Week,497,"Klein, Vega and Hendrix"
73,Community,173,"Smith, Coffey and Wright"
74,Help,54,"Smith, Armstrong and Ellis"
75,Open,386,Brown-Brown
76,Account,302,Mendez-Warren
77,Respond,226,"Cooper, Schwartz and Whitaker"
78,Right,446,Brown-Brown
79,Camera,474,"Smith, Armstrong and Ellis"
80,Step,185,"Mitchell, Gomez and Allen"
81,Man,210,Garcia Inc
82,Six,270,Ford Group
83,Best,443,Frank-Davis
84,Security,132,"Cooper, Schwartz and Whitaker"
85,Drive,474,"Cooper, Schwartz and Whitaker"
86,Along,114,Conner LLC
87,Article,173,Brown-Brown
88,Claim,348,Guerra-Bonilla
89,Leader,492,Smith-Crawford
90,Person,266,Garcia Inc
91,Forget,155,Pham PLC
92,Maybe,124,"Klein, Vega and Hendrix"
93,Owner,53,"Brown, Cunningham and Santos"
94,Decide,222,"Smith, Armstrong and Ellis"
95,Big,215,Brown-Brown
96,Table,438,"Taylor, Miranda and Smith"
97,Event,53,Vargas Group
98,General,345,"Valdez, Choi and Collins"
99,Report,311,Brown PLC
100,Parent,499,"Brown, Cunningham and Santos"
101,Analysis,293,Brown PLC
102,Sign,88,Frank-Davis
103,Especially,488,"Brown, Cunningham and Santos"
104,Compare,432,Guerra-Bonilla
105,Scientist,389,"Farmer, Roberts and Mullins"
106,Hair,97,Vargas Group
107,Type,415,Diaz Ltd
108,Its,355,Brown-Brown
109,Day,455,"Smith, Coffey and Wright"
110,Image,200,Ford Group
111,Company,185,"Zuniga, Holland and Trujillo"
112,Key,362,"Farmer, Roberts and Mullins"
113,Part,328,Murray-Hayes
114,Gun,51,Vargas Group
115,Easy,270,Bray-Russell
116,Small,256,Smith-Crawford
117,Really,395,Martinez and Sons
118,Think,62,"Farmer, Roberts and Mullins"
119,Medical,386,Garcia Inc
120,View,314,"Valdez, Choi and Collins"
121,Together,244,"Smith, Armstrong and Ellis"
122,Building,371,Vargas Group
123,First,186,Bray-Russell
124,Message,134,Martinez and Sons
125,Pressure,411,"Cooper, Schwartz and Whitaker"
126,Traditional,152,"Farmer, Roberts and Mullins"
127,Goal,256,Ford Group
128,Bed,188,"Valdez, Choi and Collins"
129,Line,67,Guerra-Bonilla
130,President,259,Frank-Davis
131,Check,82,Brown-Cunningham
132,This,189,"Taylor, Miranda and Smith"
133,Alone,84,Smith-Crawford
134,Carry,353,"Valdez, Choi and Collins"
135,Political,188,Vargas Group
136,Choose,320,Garcia Inc
137,Reason,356,Brown PLC
138,The,324,"Valdez, Choi and Collins"
139,Defense,197,"Brown, Cunningham and Santos"
140,Kitchen,67,Ford Group
141,Catch,209,"Farmer, Roberts and Mullins"
142,Argue,187,Diaz Ltd
143,Generation,425,Brown-Cunningham
144,Start,482,"Smith, Coffey and Wright"
145,Network,294,"Cooper, Schwartz and Whitaker"
146,Manager,293,"Zuniga, Holland and Trujillo"
147,Green,500,Brown-Cunningham
148,Sort,171,Chavez LLC
149,Case,243,Brown-Cunningham
150,However,135,Irwin-Proctor
151,Several,92,Brown-Brown
152,Pass,389,Smith-Crawford
153,Soldier,421,Frank-Davis
154,Take,318,Frank-Davis
155,Reason,417,Brown-Cunningham
156,Threat,314,"Zuniga, Holland and Trujillo"
157,Later,285,"Wood, Page and Williams"
158,Successful,416,Brooks-Ingram
159,Property,63,Conner LLC
160,There,226,Chavez LLC
161,Whom,344,Chavez LLC
162,Answer,216,Brooks-Ingram
163,Cup,302,"Klein, Vega and Hendrix"
164,Center,380,Conner LLC
165,Able,452,"Smith, Armstrong and Ellis"
166,Job,440,"Farmer, Roberts and Mullins"
167,Until,467,Garcia Inc
168,Back,104,Mendez-Warren
169,Suffer,287,"Klein, Vega and Hendrix"
170,Field,312,"Zuniga, Holland and Trujillo"
171,Build,331,"Wood, Page and Williams"
172,What,336,Chavez LLC
173,Conference,100,Frank-Davis
174,Partner,411,Diaz Ltd
175,Wide,86,Brown PLC
176,Plan,309,Vargas Group
177,Authority,375,"Wood, Page and Williams"
178,Notice,432,Brown-Cunningham
179,Pretty,493,Vargas Group
180,Minute,482,Vargas Group
181,We,81,"Cooper, Schwartz and Whitaker"
182,Gun,424,Frank-Davis
183,Identify,480,Brooks-Ingram
184,Policy,425,"Taylor, Miranda and Smith"
185,Chance,333,"Smith, Armstrong and Ellis"
186,Protect,150,"Cooper, Schwartz and Whitaker"
187,Fly,484,Martinez and Sons
188,Week,167,Brown PLC
189,Employee,477,Pham PLC
190,Doctor,282,"Wood, Page and Williams"
191,Season,222,Murray-Hayes
192,Speak,243,Brown-Brown
193,Win,435,Ford Group
194,Street,444,"Wood, Page and Williams"
195,Ten,493,Murray-Hayes
196,Prove,53,Frank-Davis
197,Lay,149,Guerra-Bonilla
198,You,373,Mendez-Warren
199,Stage,103,"Wood, Page and Williams"
200,Analysis,174,Brooks-Ingram
201,Item,215,Conner LLC
202,Someone,351,Irwin-Proctor
203,Speak,414,"Klein, Vega and Hendrix"
204,Focus,251,Smith-Crawford
205,Suffer,303,Brown-Cunningham
206,Fine,288,Vargas Group
207,Future,337,"Zuniga, Holland and Trujillo"
208,Buy,418,"Wood, Page and Williams"
209,Behavior,164,"Brown, Cunningham and Santos"
210,Enter,125,Conner LLC
211,Day,237,Chavez LLC
212,Tonight,312,Irwin-Proctor
213,Condition,78,Smith-Crawford
214,Success,120,Mendez-Warren
215,Hand,232,"Farmer, Roberts and Mullins"
216,Military,435,"Taylor, Miranda and Smith"
217,Important,360,"Klein, Vega and Hendrix"
218,Kitchen,306,"Cooper, Schwartz and Whitaker"
219,Fly,333,Chavez LLC
220,Because,443,Mendez-Warren
221,Professor,81,Murray-Hayes
222,Air,365,Brooks-Ingram
223,History,218,"Brown, Cunningham and Santos"
224,Minute,340,Bray-Russell
225,Difference,259,Guerra-Bonilla
226,Myself,261,"Mitchell, Gomez and Allen"
227,Money,459,Martinez and Sons
228,Seat,327,Mendez-Warren
229,Long,410,"Farmer, Roberts and Mullins"
230,Market,86,"Smith, Armstrong and Ellis"
231,Street,156,Brooks-Ingram
232,Card,382,"Wood, Page and Williams"
233,Water,445,Ford Group
234,Great,58,Chavez LLC
235,Because,127,"Wood, Page and Williams"
236,Hard,264,Chavez LLC
237,Water,400,"Klein, Vega and Hendrix"
238,Heart,406,"Smith, Coffey and Wright"
239,Play,436,"Farmer, Roberts and Mullins"
240,Campaign,131,"Valdez, Choi and Collins"
241,Half,330,"Mitchell, Gomez and Allen"
242,Structure,195,"Farmer, Roberts and Mullins"
243,Cultural,151,Ford Group
244,Before,312,Bray-Russell
245,Take,127,Conner LLC
246,Receive,232,Murray-Hayes
247,Society,349,Irwin-Proctor
248,Measure,82,Brown-Brown
249,Day,313,"Farmer, Roberts and Mullins"
250,Marriage,360,"Zuniga, Holland and Trujillo"
251,Interest,109,Garcia Inc
252,Bed,228,Guerra-Bonilla
253,Model,60,Brown-Brown
254,Region,104,"Mitchell, Gomez and Allen"
255,Ground,55,"Mitchell, Gomez and Allen"
256,Can,198,"Farmer, Roberts and Mullins"
257,Class,105,"Smith, Armstrong and Ellis"
258,Sit,79,"Farmer, Roberts and Mullins"
259,Camera,467,"Zuniga, Holland and Trujillo"
260,People,112,Pham PLC
261,Majority,173,Diaz Ltd
262,Project,457,Diaz Ltd
263,Seem,334,"Cooper, Schwartz and Whitaker"
264,Within,111,Brown PLC
265,Teacher,69,Vargas Group
266,Value,333,"Cooper, Schwartz and Whitaker"
267,Suffer,473,Vargas Group
268,Buy,356,Bray-Russell
269,Sea,208,"Zuniga, Holland and Trujillo"
270,Someone,306,"Farmer, Roberts and Mullins"
271,Woman,414,"Klein, Vega and Hendrix"
272,Staff,238,"Klein, Vega and Hendrix"
273,Similar,390,Pham PLC
274,Research,174,Smith-Crawford
275,Social,137,"Smith, Coffey and Wright"
276,Two,335,"Wood, Page and Williams"
277,Note,197,Brown-Brown
278,Money,186,Bray-Russell
279,Though,198,Vargas Group
280,Laugh,86,Vargas Group
281,Our,332,Ford Group
282,Speak,278,"Smith, Coffey and Wright"
283,Spring,480,Brown-Cunningham
284,Hospital,383,Irwin-Proctor
285,Camera,483,Vargas Group
286,Grow,192,Garcia Inc
287,Enjoy,353,Smith-Crawford
288,Only,171,Garcia Inc
289,Couple,269,Martinez and Sons
290,Later,483,Chavez LLC
291,Name,449,Brooks-Ingram
292,Country,280,Murray-Hayes
293,Toward,223,"Smith, Coffey and Wright"
294,Sometimes,223,Brown-Brown
295,Miss,439,Brown PLC
296,Seven,350,"Zuniga, Holland and Trujillo"
297,Someone,273,Garcia Inc
298,Institution,230,Bray-Russell
299,Sure,318,"Cooper, Schwartz and Whitaker"
300,Bill,409,Martinez and Sons
